temperature_c,humidity_pct,wind_speed,day_type,consumption_mwh
-0.3185,-0.5637,0.1491,weekday,-0.714
1.0944,0.5712,-0.3498,weekend,1.4368
-1.0721,0.7162,-0.0202,weekend,-1.1971
1.8101,-0.0825,-0.1732,weekday,-1.9066
0.097,-0.0911,-0.5514,weekend,3.0352
-1.1206,0.562,-0.2308,weekday,1.1219
-0.1177,0.5989,-0.9594,weekday,0.412
-0.3652,0.2272,0.0598,weekend,1.6864
-0.5533,0.1359,-0.6132,weekend,1.8635
0.5038,0.6838,0.128,weekend,0.2854
-0.3446,0.065,-0.1384,weekday,-2.5775
0.1495,0.9919,0.3619,weekend,-0.7019
1.3714,0.175,-0.4392,weekend,0.0601
0.8251,0.1966,0.8765,weekend,-0.6129
0.8509,0.6341,-0.1764,weekday,0.5623
-1.4244,0.5067,-0.6714,weekday,-1.1274
1.6356,0.6546,-0.41,weekend,-2.6486
0.1217,0.7603,0.3735,weekday,-0.4877
1.8327,0.6858,-0.8303,weekday,-1.7003
-0.0652,0.11,0.8999,weekend,2.9337
-1.0233,-0.1502,0.5894,weekend,-2.9653
0.1985,0.5451,-0.818,weekday,0.6138
0.2438,0.8187,0.4752,weekday,-1.0155
-0.4387,0.7688,0.1046,weekday,-2.064
-1.6688,-0.5894,-0.559,weekday,-1.0562
-0.0846,-0.6707,0.6945,weekday,0.2508
-0.0914,-0.6702,0.2741,weekday,-1.6968
-0.2837,0.2617,-0.9483,weekend,2.7651
-0.2901,-0.6815,-0.7041,weekend,-0.8637
0.8764,0.2433,-0.2411,weekend,-1.2873
0.6843,0.2733,0.4478,weekday,-2.2069
-0.2373,-0.3567,-0.2676,weekend,-0.1962
-1.0241,0.2042,-0.08,weekday,3.603
-0.55,-0.8786,0.8563,weekend,1.4323
1.1275,-0.4827,-0.6451,weekend,-0.4313
0.3105,-0.2006,0.346,weekend,-0.3553
-0.5126,-0.1847,-0.5146,weekday,-0.4098
-0.6423,-0.8357,0.6441,weekend,-7.2024
1.1009,0.5773,-0.2619,weekday,-1.5847
2.3641,-0.1776,-0.4188,weekday,-1.1266
-1.0833,0.9646,0.945,weekday,0.4298
0.9454,-0.5907,0.9395,weekday,0.9676
-0.6546,-0.7172,-0.8109,weekend,3.8709
0.3173,0.2617,-0.5664,weekend,0.6876
2.2958,0.5001,-0.0067,weekend,-8.2361
-0.1312,-0.9832,-0.5826,weekday,-0.482
0.5721,-0.9738,-0.3323,weekend,-0.4873
-0.3252,-0.9939,-0.5726,weekend,-1.0857
1.6453,0.5437,0.0785,weekend,-1.1778
1.9852,0.6299,-0.5688,weekday,-4.9284
1.1048,0.3908,-0.4121,weekend,1.5812
0.7245,0.8712,0.9326,weekday,0.0683
2.7363,0.9805,-0.5936,weekday,-3.8509
0.7809,-0.5743,0.5352,weekend,-1.2118
-1.6563,0.6949,0.1227,weekday,1.2877
0.2047,0.1091,0.9703,weekend,0.6059
0.8582,-0.9078,-0.2514,weekday,-0.8291
1.2427,0.9864,-0.8703,weekday,2.7409
0.5824,0.1957,0.8852,weekend,2.0592
0.0562,0.3518,0.7084,weekend,-3.1891
-0.8628,0.1307,0.5446,weekday,4.112
0.2078,0.5611,-0.1403,weekday,1.2215
-0.9808,0.5276,-0.939,weekday,4.6247
0.2115,0.2048,-0.5121,weekday,-1.6666
-0.1368,-0.3106,0.3272,weekend,1.1565
-1.6493,0.3531,-0.4679,weekend,0.7958
0.0831,0.6175,0.6612,weekday,0.2265
0.2899,0.5544,-0.7021,weekend,1.8363
0.2778,0.5047,0.3354,weekend,1.2535
2.0555,-0.5959,-0.6133,weekday,-0.4699
-0.1811,0.2131,-0.3572,weekday,2.1881
-0.2021,-0.8994,0.275,weekend,-0.3705
2.2333,0.452,-0.1767,weekday,3.859
-0.0818,0.8457,0.964,weekday,1.4238
-1.1118,-0.6095,-0.5358,weekend,1.4316
-0.3413,0.8543,-0.5902,weekday,-1.1131
0.2704,0.6503,-0.3645,weekend,0.3666
-0.4603,0.1851,-0.6626,weekday,-0.3713
0.1936,0.9899,-0.5902,weekday,-0.1216
-0.0255,0.0268,-0.8496,weekday,-0.3955
0.4928,0.0388,-0.6568,weekend,0.5583
0.498,0.6451,-0.77,weekend,-1.2772
-0.089,0.4056,0.2733,weekday,-0.3717
0.0315,0.5598,0.5848,weekday,-0.4892
0.3068,0.3478,-0.2133,weekend,-1.6724
-0.1396,-0.6993,0.3026,weekday,1.7337
0.0078,0.1151,0.3637,weekend,2.2113
1.7719,0.5968,0.3836,weekend,6.8079
-0.3029,0.765,0.4708,weekday,0.1193
-1.0623,0.8258,-0.1172,weekday,-1.4574
-1.1789,-0.6265,-0.096,weekday,-0.845
-0.2323,-0.2311,0.2473,weekend,1.6246
-1.337,0.4995,0.0643,weekday,0.5494
1.6064,-0.9402,-0.2793,weekend,-2.3633
-1.1879,0.7995,0.4929,weekend,0.2149
0.3393,0.6305,0.2766,weekday,0.3918
0.3324,0.8812,0.803,weekday,-1.0229
-0.4124,-0.3242,-0.0334,weekend,-2.8282
0.059,-0.3133,0.3729,weekday,-0.8097
-0.3142,-0.2274,-0.3512,weekend,0.2626
-1.088,0.7555,0.6487,weekday,-0.1891
0.8952,-0.528,-0.828,weekend,-1.4176
-0.7021,0.4579,0.7722,weekend,4.1473
-0.6339,-0.9679,0.9055,weekday,-3.4356
0.3138,0.0584,0.3922,weekday,0.8682
-2.0311,0.0285,0.534,weekday,4.2423
-0.6157,0.7281,-0.169,weekend,-3.9482
-0.8325,0.7863,0.2643,weekend,-0.6759
-0.622,-0.7422,0.821,weekend,2.071
3.0885,-0.3863,0.1727,weekday,-1.1245
0.2322,0.737,-0.9889,weekday,-0.5662
-0.3229,-0.4313,0.2338,weekend,-1.9585
-0.3203,0.5777,-0.4147,weekday,-0.0183
0.7327,0.8994,-0.5631,weekday,-2.4612
1.1152,-0.9858,-0.8148,weekday,3.8279
0.341,-0.31,0.5339,weekday,-0.5381
-1.4125,0.9466,-0.4687,weekday,5.0111
-0.9778,0.3396,0.7993,weekday,-2.0559
0.9295,-0.8734,-0.6034,weekday,0.1012
0.2661,-0.6549,0.1337,weekend,2.6379
-0.3683,0.2807,0.1013,weekday,0.1199
0.4239,-0.3596,-0.4664,weekend,1.2878
-0.1617,0.1421,-0.4922,weekend,-1.4998
0.5753,-0.1224,-0.6513,weekday,2.6203
0.6276,-0.5715,0.635,weekday,-0.3101
0.1577,0.4584,-0.8914,weekday,1.8141
0.9291,0.0372,0.1378,weekday,3.2861
-0.5617,0.07,0.5974,weekday,0.4945
-0.2453,0.7104,-0.781,weekday,3.7829
0.3204,0.2858,0.8537,weekend,0.4981
1.0808,-0.8866,0.8233,weekend,-3.5336
0.7467,0.2666,-0.7689,weekend,0.2359
0.2784,-0.7681,-0.791,weekday,-2.3104
-0.4242,0.5199,-0.6041,weekday,-1.4265
-1.4364,-0.0893,0.6225,weekday,-2.3054
2.1717,-0.2104,0.8439,weekend,1.7514
1.0847,0.4013,0.9354,weekday,1.4171
-0.0811,-0.3095,0.1669,weekday,-1.4492
1.6714,0.0793,0.5251,weekday,0.0167
1.2205,-0.8924,0.2285,weekend,0.4571
-0.2269,-0.1476,-0.1753,weekend,0.4803
1.4451,0.7572,-0.9848,weekend,-2.9282
1.1776,0.1289,-0.0971,weekend,2.7978
-0.409,0.687,-0.4974,weekday,1.0488
-1.9749,0.5945,-0.9225,weekend,-0.2712
0.6204,0.0326,0.0337,weekend,-1.5363
0.8003,-0.0731,-0.9151,weekday,-0.3026
0.0971,0.9399,-0.0159,weekend,-0.4594
0.4444,0.0562,-0.1482,weekend,0.1568
1.4814,0.554,-0.6868,weekend,5.4694
0.7636,-0.8719,-0.7236,weekday,-2.9669
-0.4858,0.1786,0.5902,weekend,-0.4296
-1.5743,0.0878,-0.8641,weekend,-0.368
-0.3382,-0.489,-0.9242,weekend,1.776
-0.0925,-0.6027,0.3703,weekend,0.1101
0.4221,-0.0301,-0.03,weekday,-1.1125
-0.1507,0.3395,0.1657,weekend,1.2864
1.2133,0.9115,-0.5713,weekend,2.5219
2.0698,0.3307,0.6065,weekday,-4.1323
0.2015,0.4036,0.0259,weekend,2.0664
1.2609,0.0073,-0.4205,weekday,4.3405
0.304,-0.7235,-0.0974,weekend,-2.0812
0.1832,0.865,-0.8766,weekday,1.6533
0.2615,0.1269,-0.1935,weekday,0.2691
-0.0813,0.3408,0.0094,weekend,1.8032
-0.8023,0.1777,-0.7642,weekday,-0.3938
2.0181,-0.6459,0.7875,weekday,1.0724
-0.3302,0.3173,-0.6365,weekend,0.3449
0.0117,0.2236,-0.0939,weekday,-0.6122
0.7408,0.16,0.2606,weekday,0.7126
-0.0706,0.3934,-0.9178,weekend,0.6236
-0.9072,-0.9559,-0.8216,weekday,3.2693
0.0495,0.6297,0.7463,weekday,1.3183
1.5291,0.8367,0.0221,weekday,-0.3003
-0.7574,0.2326,0.3006,weekend,0.1398
-0.5699,0.7932,-0.8693,weekend,1.5059
-2.4363,-0.9943,0.6667,weekend,-4.813
0.0226,0.2451,0.2532,weekend,2.2183
1.6475,0.2371,0.8606,weekend,-1.011
1.0209,-0.9014,-0.7305,weekday,1.956
-0.4665,0.3895,-0.8592,weekday,1.6372
-0.8567,-0.5029,0.2952,weekend,-2.5983
3.083,0.1448,-0.4026,weekend,-0.1991
0.9274,0.4811,-0.1302,weekday,0.1707
0.572,0.7304,-0.1138,weekday,-0.8904
0.2764,0.6105,-0.7383,weekend,-3.0465
-1.3477,-0.327,-0.7832,weekend,-0.8322
0.4736,-0.6502,0.9266,weekend,3.4866
1.016,-0.8653,-0.8419,weekday,2.1124
-0.0048,0.2788,-0.9878,weekday,-1.347
-1.2088,-0.6082,0.1557,weekend,0.1985
-0.6267,-0.1829,-0.6718,weekday,-2.0834
-0.0138,0.769,-0.1398,weekend,0.9283
0.6084,0.9668,-0.6503,weekday,2.9429
0.7174,0.3516,-0.389,weekend,-1.6975
0.3866,-0.6917,-0.1051,weekend,1.5633
-2.0568,0.5283,-0.4131,weekday,-0.5486
-0.7886,-0.8544,0.4284,weekday,1.5182
0.1285,0.4295,-0.2268,weekday,-1.0697
1.2769,-0.541,-0.9285,weekday,-3.0679
-0.2785,0.6851,-0.6555,weekend,-0.5512
-1.7233,-0.8681,-0.5651,weekday,-0.6604
-0.3232,0.1915,-0.087,weekend,2.9139
-0.9496,0.029,0.7734,weekday,-0.3452
0.4386,0.6795,-0.4924,weekday,2.0263
-0.067,-0.7356,0.1135,weekend,-0.2386
2.1066,0.3191,-0.2162,weekday,5.532
-2.1636,-0.6644,0.6324,weekday,-2.5906
-1.1067,-0.9094,0.6826,weekend,1.9734
0.2359,-0.8141,0.449,weekend,5.3389
-2.2155,-0.0348,0.5022,weekday,4.1958
0.5075,-0.9303,0.5462,weekend,1.5166
-0.7647,-0.2416,-0.3372,weekday,-2.8453
1.0999,0.2946,-0.4018,weekday,-0.1071
0.1631,-0.3521,0.6359,weekend,2.4807
0.4173,-0.1402,-0.4116,weekend,0.1018
-1.0949,0.0401,-0.7634,weekend,-0.5492
-0.5974,0.6878,0.7936,weekday,-3.8523
0.0442,0.6985,0.1546,weekday,-0.5888
0.0389,0.1433,0.8815,weekend,1.4797
-1.1999,0.3419,-0.4064,weekday,-2.7321
-0.2067,0.1844,-0.1285,weekday,0.6871
2.1522,0.9914,0.442,weekday,3.11
0.7032,-0.1298,-0.9942,weekday,-0.1747
0.8218,-0.8733,0.8507,weekend,0.0603
-0.1095,0.9838,0.8391,weekend,-0.8517
0.1367,0.3777,-0.5193,weekend,-1.3455
0.053,-0.8682,0.8859,weekday,-0.7998
0.5525,-0.7816,-0.8277,weekday,0.3415
0.2138,0.6416,-0.9123,weekend,-1.6506
1.001,0.3073,0.148,weekend,2.0593
-0.6665,0.1107,0.7149,weekend,-2.0946
0.5086,0.4419,0.9548,weekend,1.3582
0.7235,-0.9092,0.123,weekday,0.9099
1.2938,-0.2801,0.5279,weekend,2.4362
-0.1935,-0.9222,-0.6125,weekend,2.9687
1.0756,-0.5443,0.5956,weekend,-1.9324
-1.395,-0.4466,-0.2798,weekend,-1.9519
-0.1394,-0.932,0.8046,weekday,-2.2932
-0.729,-0.8005,-0.7998,weekend,-5.2544
-0.4157,0.364,0.4054,weekday,-1.9189
1.3314,0.881,0.9964,weekday,1.1551
-0.2865,-0.9788,0.5191,weekday,-1.8521
0.3312,0.9332,0.3728,weekend,-0.0082
0.1119,0.689,0.1015,weekend,1.6276
0.5842,-0.4243,-0.5675,weekday,0.4032
1.1248,-0.571,0.2231,weekend,-2.5897
0.4177,-0.3264,0.7838,weekend,3.0613
-0.4673,-0.2242,-0.1849,weekday,1.3783
0.1907,0.0935,-0.045,weekday,1.3112
1.5685,-0.6123,-0.3865,weekend,-0.8167
0.0687,-0.3317,-0.6786,weekday,-0.0284
1.3302,-0.7885,-0.6325,weekday,0.1048
0.3124,-0.8095,0.5749,weekend,0.7682
0.9182,-0.172,-0.9721,weekday,-2.4407
1.7937,0.3567,0.8471,weekend,-2.7911
-0.154,-0.3766,-0.5381,weekend,0.4866
0.3119,0.0413,-0.0761,weekday,0.91
0.6576,-0.5487,-0.9878,weekday,1.6629
-1.1293,0.5714,0.8197,weekend,-0.2853
