distance_km,traffic_index,vehicle_utilization,route_type,delayed
4.5965,-0.8654,0.5981,rural,1
1.3557,0.8671,0.4205,rural,1
1.7716,0.6688,0.819,rural,1
2.741,0.7279,-0.1896,interstate,0
1.5,0.1203,-0.0468,rural,0
1.9183,-0.06,0.0623,rural,1
1.4626,-0.1531,0.1433,rural,1
2.5612,0.2212,0.2028,urban,0
2.9805,-0.7736,0.1587,urban,1
2.1781,-0.9477,0.3052,urban,1
1.2416,-0.9072,-0.4451,rural,0
4.675,0.6949,-0.8892,interstate,0
4.5275,-0.9284,0.2418,interstate,0
5.9332,-0.0188,-0.4658,rural,1
1.5341,0.6669,-0.18,rural,0
11.6746,0.9994,0.904,interstate,0
4.6883,0.391,-0.2219,interstate,1
1.2858,0.683,0.4708,rural,1
3.502,-0.9378,0.5557,rural,1
1.2222,0.9763,-0.2793,rural,1
6.6255,0.7413,0.051,rural,0
6.6227,-0.6139,0.1639,interstate,0
3.1299,0.2129,0.2261,rural,0
6.6585,-0.8734,0.6999,interstate,0
1.5756,0.6624,0.7209,rural,1
11.8784,0.2774,0.2263,interstate,1
4.4049,0.9818,0.1066,urban,0
5.744,-0.7098,0.6528,interstate,0
2.9228,-0.1346,-0.6916,rural,0
4.6033,0.3519,-0.426,interstate,1
3.5016,0.2598,0.4702,interstate,0
1.2308,-0.0921,-0.8508,urban,1
4.9539,-0.7086,0.3093,interstate,1
3.9755,0.5246,0.7701,interstate,1
5.3703,0.0531,-0.6685,rural,0
5.1349,-0.1138,0.7139,rural,0
5.3309,-0.7993,-0.5592,urban,1
3.3655,0.6113,-0.7307,rural,0
1.5922,-0.2712,-0.8006,urban,0
8.2039,-0.8738,0.7645,interstate,0
0.4341,-0.5622,-0.9074,urban,0
5.8959,-0.098,-0.9445,urban,1
1.4101,0.9507,-0.5739,rural,1
5.2104,0.3211,0.1314,urban,0
4.6567,0.8986,-0.4778,rural,1
2.5228,0.8531,0.8311,urban,1
2.8013,0.6573,0.6601,urban,1
8.2795,0.4927,0.4155,rural,1
0.4921,0.6611,-0.1875,interstate,0
1.4469,-0.126,-0.3453,rural,1
2.4549,-0.3808,0.5142,rural,0
6.1801,-0.0159,0.7596,urban,1
2.8702,0.5775,-0.2618,urban,0
2.3714,0.1133,0.476,rural,1
5.403,0.9671,0.2483,urban,0
2.1964,-0.3069,-0.3432,rural,0
0.2927,-0.4959,0.9879,urban,0
2.5141,0.7482,-0.1094,interstate,0
7.4944,-0.5601,-0.0552,urban,1
3.2984,-0.9053,0.7311,rural,0
6.72,-0.0857,-0.7782,urban,1
4.2655,0.9478,-0.1264,rural,1
7.8674,-0.8153,0.5968,urban,0
11.7823,0.5911,-0.6831,interstate,1
4.7313,0.8232,0.3762,interstate,1
2.6485,-0.4648,-0.0694,rural,0
1.2564,0.3423,0.5107,urban,0
0.8965,-0.7026,0.3164,rural,1
6.9539,-0.0846,-0.2567,rural,1
4.1671,0.5066,-0.1733,rural,1
3.0759,-0.6143,-0.8913,urban,1
1.5876,0.2377,0.7462,interstate,1
4.5294,0.1183,0.6388,interstate,1
5.0165,0.272,-0.7655,urban,1
4.7186,0.9203,0.7033,interstate,1
11.9795,0.6239,0.4291,interstate,0
1.1667,0.1305,-0.51,urban,0
6.9409,-0.3702,-0.5148,urban,1
4.7676,-0.4742,-0.6239,urban,0
6.3092,0.0908,0.8311,rural,1
1.7355,-0.3851,0.021,urban,0
11.658,0.9241,-0.3608,urban,1
7.7856,0.1057,0.5215,urban,1
0.982,0.7545,-0.8244,interstate,1
4.1899,-0.9935,0.8501,interstate,1
2.7074,-0.5675,-0.0544,urban,1
1.2906,-0.5477,0.2235,urban,1
9.2376,-0.2661,0.6224,urban,1
5.6693,-0.4058,0.2904,urban,1
4.3818,-0.405,-0.3001,urban,0
0.797,0.5844,-0.1586,rural,0
6.7166,0.4025,0.8582,rural,0
0.7558,0.3476,-0.603,urban,1
2.2348,0.3228,0.537,interstate,0
4.1094,-0.3793,0.0925,rural,0
7.8202,-0.9144,-0.371,interstate,0
8.8519,0.9911,-0.8842,interstate,0
3.637,-0.9409,0.9863,rural,1
2.7822,0.8444,-0.9936,interstate,1
0.5578,0.0548,-0.6523,urban,1
10.081,0.7684,0.5854,interstate,0
7.559,-0.6731,0.344,interstate,1
1.2849,-0.6864,0.3317,rural,1
9.4306,-0.5757,-0.9912,rural,0
0.2203,-0.9109,0.891,interstate,1
2.5,0.3841,0.2688,urban,1
0.757,-0.155,-0.4047,interstate,1
3.2904,0.0624,-0.9828,rural,0
3.0757,-0.5176,-0.1635,interstate,1
5.0582,-0.3599,0.2732,interstate,1
6.0981,0.6815,-0.2246,rural,1
3.4526,-0.0064,-0.1008,urban,1
3.1442,-0.3822,0.8209,interstate,0
12.9292,-0.4114,-0.7222,interstate,0
2.4831,0.8059,-0.3986,interstate,0
6.936,0.988,0.9654,interstate,1
9.818,-0.7916,-0.1234,urban,1
1.3085,0.607,0.3328,rural,1
1.9728,-0.1575,0.7869,urban,1
2.2855,0.8278,0.3036,rural,0
3.2448,-0.9919,-0.8954,rural,1
2.259,-0.1321,0.5664,urban,0
3.7572,0.746,0.8855,urban,1
0.5243,-0.7394,-0.0182,interstate,0
11.7942,0.4282,0.3496,rural,0
6.2601,-0.782,-0.253,rural,0
6.2332,0.3357,-0.8685,rural,0
3.6448,0.9009,-0.6477,rural,0
3.4473,0.3429,0.8352,rural,0
4.6856,0.6995,0.9919,interstate,0
2.7514,0.9078,-0.0029,interstate,1
2.4422,-0.4793,-0.3115,interstate,0
6.5606,-0.8021,-0.4524,interstate,1
4.1039,-0.4415,-0.4255,interstate,1
3.1223,0.8974,0.3865,interstate,0
0.3323,0.2726,0.4387,rural,0
1.9525,-0.4084,-0.9797,interstate,1
2.6651,0.9686,-0.6699,urban,0
5.5975,0.0118,-0.0603,urban,0
13.5617,0.146,0.534,interstate,0
0.2523,-0.766,0.5412,rural,0
8.7579,-0.1712,-0.8578,interstate,1
3.0043,0.5668,0.7138,interstate,0
4.8171,-0.8534,-0.8573,interstate,0
3.6263,-0.0084,0.1672,interstate,1
5.998,0.2434,0.4431,urban,1
5.0622,0.3135,0.9763,rural,1
1.5259,0.4774,0.0268,interstate,1
2.3265,-0.3424,0.3035,interstate,0
2.3219,-0.3989,-0.7847,interstate,1
3.3892,0.7806,-0.6688,interstate,1
2.5269,0.447,-0.0367,interstate,0
2.1235,-0.5522,-0.8586,interstate,1
3.5553,-0.0098,0.7597,rural,0
2.8607,0.6053,0.5718,interstate,0
2.5811,0.0436,0.7367,urban,1
3.0818,-0.8932,-0.1564,interstate,0
0.6009,0.1962,0.1126,interstate,0
2.5881,-0.2304,-0.2096,interstate,1
5.3871,-0.4797,0.0781,interstate,0
1.6345,0.302,0.2174,urban,0
3.1385,0.9424,0.3033,rural,1
11.2288,0.6574,-0.1065,rural,1
2.5773,0.2941,0.3478,urban,0
11.2431,0.3061,-0.7388,rural,0
2.3467,0.8236,0.612,interstate,1
6.9665,-0.5308,0.5374,urban,1
2.3105,-0.1615,0.5395,rural,0
1.7051,0.9483,-0.8827,interstate,1
1.2081,-0.891,0.7824,interstate,0
8.9541,-0.8046,0.6662,rural,0
11.9143,-0.4073,-0.9999,interstate,1
2.8389,0.151,-0.7771,rural,0
5.8909,-0.5595,-0.0807,urban,1
1.9502,-0.0614,0.3495,interstate,1
7.0116,-0.9026,0.2318,urban,0
9.3326,-0.0198,0.4243,interstate,1
4.2558,0.2434,0.4816,rural,1
4.1211,-0.5313,0.8901,rural,1
3.6339,-0.9681,-0.6112,urban,1
5.5024,-0.2363,0.0438,urban,1
5.8518,-0.3828,0.6597,urban,1
3.9757,0.3402,0.6205,urban,0
2.4102,0.5926,0.3073,rural,0
2.6162,-0.9531,-0.1198,rural,1
3.2037,0.0927,0.2097,rural,1
5.8908,0.2519,0.9548,interstate,1
1.3973,-0.9,0.8443,rural,1
1.9222,-0.808,-0.0668,interstate,0
2.076,0.9381,0.0378,interstate,0
9.8512,0.4234,0.4045,urban,1
6.1813,0.4928,-0.1727,interstate,0
1.2675,0.2673,-0.4721,interstate,0
3.4835,0.9908,0.1452,urban,0
5.5946,-0.7322,0.8387,rural,1
3.143,-0.6554,0.4871,rural,0
4.6483,0.2672,-0.3733,rural,0
4.6821,-0.7947,0.5256,rural,1
3.3698,0.0085,-0.0101,rural,0
3.8379,-0.4425,-0.7105,interstate,0
0.7098,-0.1256,-0.0183,rural,0
3.4415,0.4409,0.7865,urban,1
2.2603,-0.2419,-0.3054,urban,0
8.0964,0.5054,-0.2776,rural,0
3.2979,0.6528,-0.7128,interstate,0
1.9837,-0.8313,-0.7286,interstate,0
0.8899,0.7488,-0.1123,rural,1
2.4513,-0.8205,0.9752,rural,1
0.4831,0.0118,0.1666,urban,0
1.3527,0.7378,0.6553,interstate,1
1.3427,0.6129,-0.6829,rural,1
8.9134,0.5699,0.6622,urban,1
5.0247,-0.8497,0.8853,interstate,0
1.8592,-0.8515,0.316,interstate,0
9.1537,0.9999,-0.3877,interstate,1
1.0242,0.3019,-0.2794,interstate,1
2.4864,0.1625,-0.8534,urban,0
1.5434,0.9324,0.0288,rural,0
4.997,-0.4353,0.8282,rural,0
8.821,0.9631,-0.4276,rural,1
8.3769,-0.1369,0.4217,rural,0
0.6045,0.1747,0.0086,urban,1
3.3683,0.14,0.9171,interstate,1
2.3499,-0.8686,0.4937,urban,1
3.6882,0.929,0.3835,urban,0
7.1334,-0.7733,-0.9661,urban,1
3.5282,-0.8413,0.6238,urban,0
6.0056,0.7536,0.7764,interstate,0
6.369,-0.0806,-0.6383,urban,1
4.935,-0.5693,-0.936,interstate,0
0.6981,-0.8505,-0.4455,urban,1
1.9507,0.789,0.2655,urban,0
2.8604,-0.5906,0.77,urban,1
5.1694,0.9483,0.6862,rural,0
6.9,0.6203,-0.799,urban,1
3.4791,0.6698,-0.7003,rural,1
4.3381,-0.1703,0.1269,rural,0
2.1229,-0.5574,-0.3598,interstate,0
4.2921,-0.0237,0.4267,urban,1
2.0993,-0.5497,0.2663,rural,1
