ph,hardness,residual_chlorine,source,is_safe
0.3963,4.7171,3.358,well,1
0.1093,9.2842,3.6847,well,1
-0.0581,9.1603,1.1136,well,0
0.8892,1.9608,2.681,lake,0
-0.1185,2.499,4.2784,well,0
0.6102,0.4383,6.7035,lake,0
-0.371,3.2007,9.0636,river,0
0.1133,6.9214,10.527,well,0
0.2939,2.2337,3.8097,well,0
-0.7411,6.3523,2.9978,lake,0
-0.9498,2.6207,4.6509,well,0
-0.6431,1.6534,1.1867,well,1
0.2131,1.7492,4.9242,river,1
0.0465,7.5979,3.2254,well,1
-0.1211,1.434,1.5962,well,1
0.714,1.2591,3.8843,lake,0
0.1044,1.1553,1.5334,lake,0
-0.0886,4.3256,2.7274,lake,1
0.5989,4.6019,9.0013,lake,0
-0.0366,6.5805,13.0121,river,0
0.028,4.1165,0.7965,river,1
-0.6672,6.3334,2.3979,river,0
0.335,2.0874,3.7113,river,1
-0.6471,2.9645,5.3263,river,1
0.0181,0.326,3.0982,well,1
-0.8386,1.2087,5.5376,lake,1
0.8368,0.4592,7.0847,well,1
-0.5632,2.3195,3.146,river,1
0.8092,6.7397,3.2928,lake,1
0.4933,0.6412,1.5125,well,1
-0.0644,2.9251,1.4514,river,1
0.9841,0.5736,2.282,lake,1
0.2238,1.8973,7.0325,lake,0
0.7586,5.748,2.7949,lake,0
-0.1068,2.123,11.9393,lake,0
-0.0808,7.1709,3.9661,well,1
0.0162,1.9057,2.7706,well,1
-0.9637,3.073,3.8183,river,0
-0.7587,4.6666,3.081,river,1
0.5546,0.2493,5.1547,river,1
-0.698,2.7227,2.8268,well,1
0.0822,1.1635,7.4177,lake,1
-0.7135,0.9617,4.3492,well,1
-0.4471,3.3133,9.4272,lake,0
0.5091,2.9892,2.2215,lake,0
-0.8715,9.4982,4.0873,lake,0
0.4731,1.8707,4.8549,river,0
0.855,4.1714,4.4375,river,1
0.9423,9.1782,5.1407,lake,0
-0.6826,1.0163,3.0574,well,1
-0.2949,4.2624,2.5378,river,1
-0.5355,2.9121,6.1026,lake,1
0.1298,4.7565,2.803,well,1
-0.9743,1.8321,0.278,river,1
0.2787,2.0071,3.5496,well,0
0.25,1.7589,2.9255,well,1
0.8244,1.8059,2.8319,well,1
0.6312,7.6372,2.1208,river,1
-0.2482,1.7456,5.2674,river,1
0.7136,10.2079,1.7141,river,0
-0.6476,5.4519,0.8508,lake,1
-0.654,4.2147,1.6084,lake,0
0.015,3.7346,3.5725,well,1
-0.2903,8.3351,6.4816,well,0
0.8285,1.9251,8.6336,lake,1
-0.8996,1.7523,1.6804,lake,0
0.306,2.02,4.6135,lake,0
0.0175,0.5935,2.6545,lake,0
0.0791,2.5471,5.8378,river,1
0.7291,0.7425,3.9016,lake,1
-0.3582,4.4551,1.2418,river,1
-0.4618,0.9231,3.7339,well,0
-0.4973,3.8818,3.0815,river,1
-0.839,12.5235,1.6185,well,0
-0.9231,4.2022,6.2723,river,1
0.3357,3.5407,5.1709,lake,0
0.4949,2.4415,7.5646,lake,0
-0.7325,4.9668,1.3357,well,0
0.2433,2.714,1.5649,lake,0
-0.7902,4.9593,0.535,well,1
-0.598,3.3258,4.5807,lake,0
0.2174,1.3699,1.292,well,1
-0.1483,1.852,5.7084,well,1
-0.3945,5.4343,0.5483,lake,1
0.3635,6.9779,1.7966,river,1
0.7237,3.0402,3.5402,river,0
-0.2722,10.8848,0.4349,lake,1
0.0755,4.5379,8.3227,lake,1
-0.1553,3.239,2.587,well,0
-0.5225,1.9661,3.6437,river,0
-0.6907,1.4848,1.512,well,0
-0.2124,4.5302,5.5879,river,0
-0.8352,6.7372,6.6015,well,1
0.5923,1.6417,1.9286,well,1
-0.993,3.4337,2.6284,well,0
-0.2631,0.0667,1.547,lake,0
-0.2481,1.4818,7.7838,lake,0
-0.1229,2.5482,3.0376,lake,1
-0.3531,0.7206,7.2196,lake,0
0.1971,5.9716,7.5906,lake,0
-0.2405,1.3395,4.4506,well,1
0.7562,5.3431,2.8926,lake,0
0.8429,5.4094,1.4607,lake,0
0.1794,3.5164,12.6547,lake,1
-0.024,0.3772,2.8621,lake,0
-0.8594,4.064,2.4023,well,1
-0.4239,4.0869,12.6821,well,1
-0.9191,4.1951,2.2368,well,0
-0.6344,0.979,7.2387,lake,0
-0.5704,1.675,2.8884,river,0
0.0327,2.8619,1.0051,well,1
0.7727,5.2506,7.3564,lake,0
0.3742,4.3506,5.1229,well,0
-0.688,4.1911,5.9554,well,0
0.4931,3.144,2.7986,lake,0
-0.9402,0.5063,5.1406,river,0
-0.7898,0.9426,3.6219,river,0
0.1618,5.582,1.0738,well,1
-0.1916,3.2516,6.0178,lake,0
-0.0649,2.1936,1.1481,lake,0
-0.7071,1.0761,2.8568,river,1
0.2262,4.8393,3.7896,lake,0
0.8311,2.5436,6.4898,well,0
0.9306,0.5743,4.2625,lake,0
-0.0338,7.2283,2.3707,well,1
-0.1378,1.0844,1.0154,lake,0
0.14,9.9277,3.6203,river,0
0.3528,2.6217,1.9753,lake,1
-0.08,6.4759,2.1898,river,1
0.1903,2.9766,0.5148,well,1
-0.024,5.7912,14.7684,lake,0
-0.2878,3.5552,6.9454,river,1
-0.0371,4.9369,0.5788,well,1
0.6394,2.6908,6.8596,river,0
-0.0523,3.7467,4.0582,river,1
-0.4014,1.4448,0.7688,river,0
-0.8428,1.1969,5.9362,well,0
-0.0902,6.6593,2.4237,lake,1
-0.6209,7.7123,11.4813,well,1
-0.7933,8.0248,2.3338,lake,0
0.2995,5.9932,4.5036,river,0
0.8705,2.1556,5.5399,lake,0
0.4588,2.5835,9.8787,lake,0
-0.7407,6.379,7.6001,well,1
0.8045,0.8051,3.2365,river,1
0.5164,11.5504,3.8596,well,0
-0.3366,0.0103,2.9808,well,0
-0.7489,2.6089,1.21,river,1
0.6974,10.2969,3.5444,lake,1
-0.5399,3.2993,10.5892,well,0
-0.7192,5.7529,4.3102,well,0
-0.5704,4.1836,3.3522,river,0
0.5363,0.8209,2.9536,river,0
-0.4404,3.9619,3.3272,well,0
-0.3578,1.0353,4.7591,well,0
-0.0054,4.6408,6.0704,well,1
0.9006,5.2342,1.4312,lake,1
-0.6555,11.8716,0.8377,well,0
-0.9368,4.5985,2.1266,lake,1
0.2971,9.1153,7.5557,lake,0
0.6431,3.4145,4.4023,river,0
0.6918,1.4637,2.7411,lake,1
-0.6645,4.2444,7.0711,well,1
0.4766,3.0449,1.3996,river,0
0.5071,1.816,3.5335,lake,0
-0.1046,0.8827,0.39,river,1
0.0638,4.5598,0.8514,well,1
-0.8358,7.2569,4.0734,lake,0
0.5031,5.9108,1.7421,well,1
-0.7572,5.0232,4.2887,lake,0
0.6693,2.5657,1.6433,lake,1
0.4866,3.7553,5.4348,well,0
-0.4896,0.79,3.2749,well,1
0.2794,2.105,3.5265,lake,0
-0.4629,5.1871,9.5866,lake,0
-0.2253,4.5328,2.5124,well,1
0.246,2.4037,0.8309,river,1
0.139,1.8968,8.1972,river,1
0.4241,6.3255,0.4853,river,1
0.7907,1.7137,4.3608,river,1
-0.1387,3.7541,3.2486,well,0
-0.7552,2.5556,2.0609,lake,1
0.2362,1.4274,1.0286,well,1
0.4631,1.3742,0.9481,well,1
-0.7351,3.4395,3.8336,river,0
0.0997,7.949,6.1205,lake,0
-0.3468,2.6252,6.3928,well,1
0.238,0.6646,8.207,river,1
0.4991,4.5636,2.4992,well,0
0.8309,5.1105,1.1257,well,0
0.4733,6.0519,4.8548,river,0
-0.971,0.4983,1.0603,well,1
0.2039,0.1002,4.4939,well,1
-0.5209,1.6708,1.9488,river,0
0.6612,1.1594,3.9365,well,0
0.3464,4.5026,5.6805,river,1
-0.9766,3.4765,0.674,river,1
0.2409,1.2767,0.8017,well,0
0.5891,1.6241,1.6346,well,1
0.7638,2.812,1.7563,lake,1
0.893,3.1675,5.2522,lake,0
-0.3369,6.8566,4.8713,river,0
0.8255,7.1959,1.5706,river,0
-0.3795,1.0923,4.5125,well,1
0.834,2.8754,6.6314,lake,1
0.842,6.3885,1.9655,lake,0
-0.3972,1.8805,4.9625,lake,1
0.0542,3.1812,8.2322,lake,0
-0.35,0.4668,1.3616,lake,0
-0.4514,8.2597,1.4822,river,0
0.8287,8.5295,8.9401,well,0
-0.7462,4.1784,5.3518,lake,1
-0.65,7.1065,10.0093,well,0
0.7174,5.8393,0.9049,river,0
0.7494,3.5848,4.5969,lake,1
0.4266,4.9422,1.4633,well,1
0.3019,3.9083,10.8636,river,1
0.4039,9.2877,2.9153,lake,1
0.9021,7.3759,8.1037,lake,1
-0.6083,3.494,4.441,lake,1
-0.318,0.5419,3.2304,lake,0
0.3484,2.3222,6.4829,lake,1
-0.6223,4.7446,7.1466,river,1
0.0129,9.6082,5.9177,river,0
0.4503,0.8233,3.208,lake,1
-0.2812,3.8122,3.3508,lake,0
0.65,0.5904,0.2177,river,0
-0.6054,3.426,3.0318,well,0
-0.9744,3.0287,1.3551,river,1
0.2565,6.9013,6.7419,river,1
-0.4061,3.1472,4.0244,river,0
0.2242,3.8237,10.7243,river,0
0.4816,0.885,3.9376,river,0
-0.7768,2.492,3.3957,river,0
-0.5875,9.8845,10.7758,well,1
-0.8184,3.8305,2.3619,river,0
-0.4953,3.1025,4.596,well,0
0.785,1.5489,2.5338,lake,0
0.3059,3.5607,10.0684,river,1
-0.2383,3.7014,3.072,well,1
